screen,double,cos_ab,triage_score,triage_rank,unreachable_fraction,double_effect_norm,emergence_z,p_value,floor_ratio,ci_low,ci_high,geometry_status,bar_a_p_lt_0p05,bar_b_floor_ge_1p9,certified_emergent
CaRPool_GSE213957_THP1_Cas13d-KD,GATA2+RING1,-0.1409,0.1409,1,0.89,3.7207,17.053,0.004975124378109453,1.35,0.899,0.9115,outside_model_cone,True,False,False
CaRPool_GSE213957_THP1_Cas13d-KD,INTS1+MED24,-0.1048,0.1048,2,0.4403,8.7637,53.375,0.004975124378109453,2.657,0.4546,0.4655,outside_model_cone,True,True,True
CaRPool_GSE213957_THP1_Cas13d-KD,EP300+INTS1,-0.1045,0.1045,3,0.5441,8.4829,31.074,0.004975124378109453,2.377,0.5481,0.5868,outside_model_cone,True,True,True
CaRPool_GSE213957_THP1_Cas13d-KD,INTS1+SMARCD1,-0.103,0.103,4,0.8228,4.5065,64.171,0.004975124378109453,2.873,0.8253,0.8317,outside_model_cone,True,True,True
CaRPool_GSE213957_THP1_Cas13d-KD,EP300+RING1,-0.1009,0.1009,5,0.5765,8.1314,43.003,0.004975124378109453,2.257,0.595,0.6075,outside_model_cone,True,True,True
CaRPool_GSE213957_THP1_Cas13d-KD,FLI1+INTS1,-0.093,0.093,6,0.6437,5.8487,51.555,0.004975124378109453,2.626,0.6456,0.6725,outside_model_cone,True,True,True
CaRPool_GSE213957_THP1_Cas13d-KD,FLI1+RING1,-0.0818,0.0818,7,0.5804,7.0998,43.557,0.004975124378109453,2.241,0.5994,0.6134,outside_model_cone,True,True,True
CaRPool_GSE213957_THP1_Cas13d-KD,GATA2+INTS1,-0.0522,0.0522,8,0.8209,3.7777,45.856,0.004975124378109453,2.223,0.8232,0.8379,outside_model_cone,True,True,True
CaRPool_GSE213957_THP1_Cas13d-KD,MED24+RING1,-0.0137,0.0137,9,0.4038,9.3426,29.54,0.004975124378109453,1.819,0.4356,0.4533,outside_model_cone,True,False,False
CaRPool_GSE213957_THP1_Cas13d-KD,DOT1L+INTS1,-0.0069,0.0069,10,0.794,4.5669,59.433,0.004975124378109453,2.778,0.7979,0.8051,outside_model_cone,True,True,True
CaRPool_GSE213957_THP1_Cas13d-KD,RCOR1+RING1,-0.0007,0.0007,11,0.8716,3.9085,8.825,0.004975124378109453,1.142,0.8953,0.9147,outside_model_cone,True,False,False
CaRPool_GSE213957_THP1_Cas13d-KD,EP300+HDAC3,0.0016,-0.0016,12,0.6606,5.5875,40.033,0.004975124378109453,2.112,0.6769,0.6932,outside_model_cone,True,True,True
CaRPool_GSE213957_THP1_Cas13d-KD,INTS1+SSRP1,0.0106,-0.0106,13,0.8033,4.5244,51.872,0.004975124378109453,2.391,0.8074,0.8177,outside_model_cone,True,True,True
CaRPool_GSE213957_THP1_Cas13d-KD,IKZF1+INTS1,0.0143,-0.0143,14,0.8476,4.0854,43.517,0.004975124378109453,2.204,0.8512,0.8613,outside_model_cone,True,True,True
CaRPool_GSE213957_THP1_Cas13d-KD,RING1+SMARCD1,0.0185,-0.0185,15,0.7537,5.0898,25.659,0.004975124378109453,1.617,0.775,0.792,outside_model_cone,True,False,False
CaRPool_GSE213957_THP1_Cas13d-KD,RING1+SSRP1,0.0323,-0.0323,16,0.8238,5.9084,3.029,0.009950248756218905,1.052,0.8738,0.8984,outside_model_cone,True,False,False
CaRPool_GSE213957_THP1_Cas13d-KD,GFI1+INTS1,0.0328,-0.0328,17,0.5978,7.7204,72.04,0.004975124378109453,2.982,0.6079,0.6157,outside_model_cone,True,True,True
CaRPool_GSE213957_THP1_Cas13d-KD,INTS1+RCOR1,0.0416,-0.0416,18,0.8454,4.0879,43.742,0.004975124378109453,2.227,0.8492,0.8568,outside_model_cone,True,True,True
CaRPool_GSE213957_THP1_Cas13d-KD,DOT1L+RING1,0.0442,-0.0442,19,0.7324,4.9212,25.87,0.004975124378109453,1.679,0.7507,0.7732,outside_model_cone,True,False,False
CaRPool_GSE213957_THP1_Cas13d-KD,GFI1+RING1,0.0464,-0.0464,20,0.5857,7.9268,52.149,0.004975124378109453,2.589,0.5993,0.6094,outside_model_cone,True,True,True
CaRPool_GSE213957_THP1_Cas13d-KD,INTS1+MYB,0.0492,-0.0492,21,0.5926,10.4387,56.121,0.004975124378109453,2.562,0.6048,0.6189,outside_model_cone,True,True,True
CaRPool_GSE213957_THP1_Cas13d-KD,INTS1+VPRBP,0.0526,-0.0526,22,0.6816,6.3705,46.24,0.004975124378109453,2.799,0.68,0.7091,outside_model_cone,True,True,True
CaRPool_GSE213957_THP1_Cas13d-KD,GSE1+INTS1,0.055,-0.055,23,0.6281,6.6086,72.361,0.004975124378109453,3.168,0.6345,0.6448,outside_model_cone,True,True,True
CaRPool_GSE213957_THP1_Cas13d-KD,RING1+VPRBP,0.0607,-0.0607,24,0.7239,6.1137,32.516,0.004975124378109453,1.849,0.7383,0.7575,outside_model_cone,True,False,False
CaRPool_GSE213957_THP1_Cas13d-KD,MYB+RING1,0.0659,-0.0659,25,0.6245,10.0788,16.77,0.004975124378109453,1.39,0.6739,0.6979,outside_model_cone,True,False,False
CaRPool_GSE213957_THP1_Cas13d-KD,INTS1+KDM1A,0.0665,-0.0665,26,0.5334,8.4503,81.935,0.004975124378109453,3.902,0.5345,0.5517,outside_model_cone,True,True,True
CaRPool_GSE213957_THP1_Cas13d-KD,KDM1A+RING1,0.0911,-0.0911,27,0.5166,8.831,37.079,0.004975124378109453,2.03,0.5403,0.5587,outside_model_cone,True,True,True
CaRPool_GSE213957_THP1_Cas13d-KD,IKZF1+RING1,0.0914,-0.0914,28,0.7995,4.0905,3.554,0.004975124378109453,1.066,0.8546,0.8815,outside_model_cone,True,False,False
CaRPool_GSE213957_THP1_Cas13d-KD,GSE1+RING1,0.0954,-0.0954,29,0.5686,6.656,32.339,0.004975124378109453,1.899,0.5975,0.6132,outside_model_cone,True,False,False
CaRPool_GSE213957_THP1_Cas13d-KD,FLI1+HDAC3,0.1074,-0.1074,30,0.6223,7.7329,43.583,0.004975124378109453,2.27,0.6362,0.6567,outside_model_cone,True,True,True
CaRPool_GSE213957_THP1_Cas13d-KD,HDAC3+RING1,0.1096,-0.1096,31,0.775,5.5364,33.984,0.004975124378109453,1.901,0.7863,0.8022,outside_model_cone,True,True,True
CaRPool_GSE213957_THP1_Cas13d-KD,HDAC3+RCOR1,0.1161,-0.1161,32,0.8623,5.3086,5.958,0.004975124378109453,1.11,0.8936,0.9106,outside_model_cone,True,False,False
CaRPool_GSE213957_THP1_Cas13d-KD,DOT1L+VPRBP,0.1175,-0.1175,33,0.7537,5.6414,20.952,0.004975124378109453,1.641,0.7637,0.8001,outside_model_cone,True,False,False
CaRPool_GSE213957_THP1_Cas13d-KD,GATA2+HDAC3,0.1221,-0.1221,34,0.7672,4.721,31.702,0.004975124378109453,1.72,0.785,0.7985,outside_model_cone,True,False,False
CaRPool_GSE213957_THP1_Cas13d-KD,RCOR1+VPRBP,0.1398,-0.1398,35,0.6908,6.2189,28.302,0.004975124378109453,1.877,0.6918,0.7439,outside_model_cone,True,False,False
CaRPool_GSE213957_THP1_Cas13d-KD,EP300+VPRBP,0.1422,-0.1422,36,0.5626,7.6857,25.669,0.004975124378109453,1.745,0.5945,0.6183,outside_model_cone,True,False,False
CaRPool_GSE213957_THP1_Cas13d-KD,DOT1L+HDAC3,0.1434,-0.1434,37,0.7331,5.6359,33.795,0.004975124378109453,2.165,0.7344,0.7643,outside_model_cone,True,True,True
CaRPool_GSE213957_THP1_Cas13d-KD,GATA2+VPRBP,0.1519,-0.1519,38,0.7187,5.1872,34.337,0.004975124378109453,1.914,0.7293,0.7562,outside_model_cone,True,True,True
CaRPool_GSE213957_THP1_Cas13d-KD,HDAC3+IKZF1,0.1564,-0.1564,39,0.808,5.5735,18.394,0.004975124378109453,1.515,0.8246,0.8433,outside_model_cone,True,False,False
CaRPool_GSE213957_THP1_Cas13d-KD,HDAC3+SMARCD1,0.1569,-0.1569,40,0.772,5.8658,47.598,0.004975124378109453,2.468,0.7766,0.7883,outside_model_cone,True,True,True
CaRPool_GSE213957_THP1_Cas13d-KD,HDAC3+INTS1,0.1664,-0.1664,41,0.7014,5.7035,87.873,0.004975124378109453,3.644,0.7039,0.7138,outside_model_cone,True,True,True
CaRPool_GSE213957_THP1_Cas13d-KD,FLI1+VPRBP,0.1666,-0.1666,42,0.5933,7.5034,32.121,0.004975124378109453,1.888,0.6197,0.6363,outside_model_cone,True,False,False
CaRPool_GSE213957_THP1_Cas13d-KD,INTS1+RING1,0.1708,-0.1708,43,0.7951,4.5752,64.863,0.004975124378109453,2.827,0.7982,0.806,outside_model_cone,True,True,True
CaRPool_GSE213957_THP1_Cas13d-KD,GSE1+VPRBP,0.171,-0.171,44,0.6924,7.2435,19.646,0.004975124378109453,1.559,0.715,0.7536,outside_model_cone,True,False,False
CaRPool_GSE213957_THP1_Cas13d-KD,IKZF1+RCOR1,0.1717,-0.1717,45,0.8093,3.8646,2.911,0.004975124378109453,1.051,0.8653,0.8893,outside_model_cone,True,False,False
CaRPool_GSE213957_THP1_Cas13d-KD,GFI1+HDAC3,0.1797,-0.1797,46,0.5871,9.6452,77.967,0.004975124378109453,3.219,0.5952,0.6039,outside_model_cone,True,True,True
CaRPool_GSE213957_THP1_Cas13d-KD,GFI1+VPRBP,0.1854,-0.1854,47,0.5569,9.2977,36.138,0.004975124378109453,2.056,0.5815,0.5934,outside_model_cone,True,True,True
CaRPool_GSE213957_THP1_Cas13d-KD,IKZF1+VPRBP,0.1946,-0.1946,48,0.794,4.8388,18.42,0.004975124378109453,1.443,0.8132,0.8365,outside_model_cone,True,False,False
CaRPool_GSE213957_THP1_Cas13d-KD,GSE1+SMARCD1,0.1949,-0.1949,49,0.6284,7.2949,26.102,0.004975124378109453,1.755,0.6584,0.6745,outside_model_cone,True,False,False
CaRPool_GSE213957_THP1_Cas13d-KD,GFI1+IKZF1,0.1963,-0.1963,50,0.678,8.046,12.012,0.004975124378109453,1.294,0.7324,0.7526,outside_model_cone,True,False,False
CaRPool_GSE213957_THP1_Cas13d-KD,FLI1+IKZF1,0.1985,-0.1985,51,0.6031,7.5947,31.596,0.004975124378109453,1.951,0.6264,0.6456,outside_model_cone,True,True,True
CaRPool_GSE213957_THP1_Cas13d-KD,GSE1+IKZF1,0.2057,-0.2057,52,0.6898,5.9545,19.068,0.004975124378109453,1.49,0.7158,0.7545,outside_model_cone,True,False,False
CaRPool_GSE213957_THP1_Cas13d-KD,EP300+GSE1,0.2141,-0.2141,53,0.5941,7.4747,23.455,0.004975124378109453,1.686,0.6301,0.6466,outside_model_cone,True,False,False
CaRPool_GSE213957_THP1_Cas13d-KD,RCOR1+SMARCD1,0.2183,-0.2183,54,0.7334,5.2812,10.645,0.004975124378109453,1.335,0.7596,0.8061,outside_model_cone,True,False,False
CaRPool_GSE213957_THP1_Cas13d-KD,DOT1L+RCOR1,0.2196,-0.2196,55,0.7678,4.3182,20.977,0.004975124378109453,1.54,0.7876,0.8072,outside_model_cone,True,False,False
CaRPool_GSE213957_THP1_Cas13d-KD,GATA2+IKZF1,0.2232,-0.2232,56,0.8149,4.3115,17.601,0.004975124378109453,1.401,0.8336,0.8543,outside_model_cone,True,False,False
CaRPool_GSE213957_THP1_Cas13d-KD,DOT1L+IKZF1,0.2233,-0.2233,57,0.8017,4.4917,16.792,0.004975124378109453,1.353,0.8273,0.8463,outside_model_cone,True,False,False
CaRPool_GSE213957_THP1_Cas13d-KD,HDAC3+VPRBP,0.2238,-0.2238,58,0.6761,7.6477,58.04,0.004975124378109453,2.521,0.6861,0.6993,outside_model_cone,True,True,True
CaRPool_GSE213957_THP1_Cas13d-KD,IKZF1+MYB,0.2247,-0.2247,59,0.5717,9.0768,11.283,0.004975124378109453,1.258,0.6415,0.6677,outside_model_cone,True,False,False
CaRPool_GSE213957_THP1_Cas13d-KD,EP300+IKZF1,0.2282,-0.2282,60,0.6066,7.3522,19.669,0.004975124378109453,1.486,0.647,0.6797,outside_model_cone,True,False,False
CaRPool_GSE213957_THP1_Cas13d-KD,HDAC3+MYB,0.2283,-0.2283,61,0.5543,12.3461,29.729,0.004975124378109453,1.88,0.5794,0.6012,outside_model_cone,True,False,False
CaRPool_GSE213957_THP1_Cas13d-KD,IKZF1+KDM1A,0.2318,-0.2318,62,0.5642,8.3254,50.233,0.004975124378109453,2.354,0.5814,0.5943,outside_model_cone,True,True,True
CaRPool_GSE213957_THP1_Cas13d-KD,DOT1L+GSE1,0.235,-0.235,63,0.5951,6.7987,19.542,0.004975124378109453,1.748,0.6064,0.6644,outside_model_cone,True,False,False
CaRPool_GSE213957_THP1_Cas13d-KD,GFI1+SMARCD1,0.2372,-0.2372,64,0.6077,7.4049,43.561,0.004975124378109453,2.26,0.6268,0.6369,outside_model_cone,True,True,True
CaRPool_GSE213957_THP1_Cas13d-KD,KDM1A+VPRBP,0.2423,-0.2423,65,0.4963,9.346,27.193,0.004975124378109453,1.832,0.5225,0.5536,outside_model_cone,True,False,False
CaRPool_GSE213957_THP1_Cas13d-KD,EP300+KDM1A,0.2486,-0.2486,66,0.5049,9.2766,25.77,0.004975124378109453,1.804,0.5323,0.5604,outside_model_cone,True,False,False
CaRPool_GSE213957_THP1_Cas13d-KD,DOT1L+SMARCD1,0.2541,-0.2541,67,0.6146,6.1769,29.949,0.004975124378109453,1.945,0.6231,0.6686,outside_model_cone,True,True,True
CaRPool_GSE213957_THP1_Cas13d-KD,HDAC3+MED24,0.2545,-0.2545,68,0.4815,9.0964,33.422,0.004975124378109453,1.934,0.5086,0.5277,outside_model_cone,True,True,True
CaRPool_GSE213957_THP1_Cas13d-KD,DOT1L+KDM1A,0.2594,-0.2594,69,0.4497,9.642,40.754,0.004975124378109453,2.279,0.4708,0.4827,outside_model_cone,True,True,True
CaRPool_GSE213957_THP1_Cas13d-KD,GSE1+RCOR1,0.26,-0.26,70,0.6466,5.5978,18.558,0.004975124378109453,1.569,0.6808,0.705,outside_model_cone,True,False,False
CaRPool_GSE213957_THP1_Cas13d-KD,MYB+VPRBP,0.2613,-0.2613,71,0.5814,10.7117,10.675,0.004975124378109453,1.318,0.6431,0.6686,outside_model_cone,True,False,False
CaRPool_GSE213957_THP1_Cas13d-KD,GSE1+MYB,0.2623,-0.2623,72,0.5809,11.6969,23.779,0.004975124378109453,1.669,0.6159,0.637,outside_model_cone,True,False,False
CaRPool_GSE213957_THP1_Cas13d-KD,GSE1+HDAC3,0.2663,-0.2663,73,0.6032,7.8391,58.739,0.004975124378109453,2.58,0.615,0.6285,outside_model_cone,True,True,True
CaRPool_GSE213957_THP1_Cas13d-KD,DOT1L+GFI1,0.2694,-0.2694,74,0.6029,7.7869,50.59,0.004975124378109453,2.393,0.6164,0.6325,outside_model_cone,True,True,True
CaRPool_GSE213957_THP1_Cas13d-KD,SMARCD1+VPRBP,0.2716,-0.2716,75,0.6711,6.7498,37.825,0.004975124378109453,2.026,0.6894,0.7045,outside_model_cone,True,True,True
CaRPool_GSE213957_THP1_Cas13d-KD,HDAC3+KDM1A,0.2734,-0.2734,76,0.5385,10.2582,48.704,0.004975124378109453,2.4,0.5558,0.5687,outside_model_cone,True,True,True
CaRPool_GSE213957_THP1_Cas13d-KD,HDAC3+SSRP1,0.2737,-0.2737,77,0.6797,5.9446,14.616,0.004975124378109453,1.362,0.7245,0.7493,outside_model_cone,True,False,False
CaRPool_GSE213957_THP1_Cas13d-KD,DOT1L+MYB,0.275,-0.275,78,0.5393,10.4321,20.138,0.004975124378109453,1.598,0.5747,0.6111,outside_model_cone,True,False,False
CaRPool_GSE213957_THP1_Cas13d-KD,DOT1L+GATA2,0.2787,-0.2787,79,0.7847,4.1814,17.074,0.004975124378109453,1.403,0.8105,0.829,outside_model_cone,True,False,False
CaRPool_GSE213957_THP1_Cas13d-KD,GATA2+MYB,0.279,-0.279,80,0.5875,10.4269,23.07,0.004975124378109453,1.575,0.6273,0.6508,outside_model_cone,True,False,False
CaRPool_GSE213957_THP1_Cas13d-KD,KDM1A+SMARCD1,0.2849,-0.2849,81,0.524,8.3602,49.586,0.004975124378109453,2.349,0.5428,0.5555,outside_model_cone,True,True,True
CaRPool_GSE213957_THP1_Cas13d-KD,MYB+RCOR1,0.2853,-0.2853,82,0.5462,11.963,19.103,0.004975124378109453,1.538,0.5892,0.6129,outside_model_cone,True,False,False
CaRPool_GSE213957_THP1_Cas13d-KD,MED24+RCOR1,0.2877,-0.2877,83,0.4402,8.8614,26.04,0.004975124378109453,1.871,0.4691,0.4884,outside_model_cone,True,False,False
CaRPool_GSE213957_THP1_Cas13d-KD,GFI1+MYB,0.2881,-0.2881,84,0.5684,11.5376,20.038,0.004975124378109453,1.558,0.611,0.6341,outside_model_cone,True,False,False
CaRPool_GSE213957_THP1_Cas13d-KD,GFI1+RCOR1,0.2908,-0.2908,85,0.6062,7.8437,26.323,0.004975124378109453,1.771,0.6369,0.6535,outside_model_cone,True,False,False
CaRPool_GSE213957_THP1_Cas13d-KD,KDM1A+RCOR1,0.2929,-0.2929,86,0.4968,9.3174,16.359,0.004975124378109453,1.48,0.5428,0.5747,outside_model_cone,True,False,False
CaRPool_GSE213957_THP1_Cas13d-KD,GSE1+MED24,0.2938,-0.2938,87,0.4018,9.7442,46.356,0.004975124378109453,2.447,0.4085,0.4402,outside_model_cone,True,True,True
CaRPool_GSE213957_THP1_Cas13d-KD,EP300+RCOR1,0.296,-0.296,88,0.5305,8.9178,36.914,0.004975124378109453,2.07,0.5525,0.5738,outside_model_cone,True,True,True
CaRPool_GSE213957_THP1_Cas13d-KD,SSRP1+VPRBP,0.2981,-0.2981,89,0.7253,5.55,18.849,0.004975124378109453,1.442,0.7529,0.7838,outside_model_cone,True,False,False
CaRPool_GSE213957_THP1_Cas13d-KD,RCOR1+SSRP1,0.3028,-0.3028,90,0.6781,5.7271,7.099,0.004975124378109453,1.161,0.7427,0.7809,outside_model_cone,True,False,False
CaRPool_GSE213957_THP1_Cas13d-KD,IKZF1+SSRP1,0.3039,-0.3039,91,0.7889,6.059,5.956,0.004975124378109453,1.119,0.8376,0.8641,outside_model_cone,True,False,False
CaRPool_GSE213957_THP1_Cas13d-KD,DOT1L+SSRP1,0.3051,-0.3051,92,0.8012,7.059,7.238,0.004975124378109453,1.138,0.8466,0.8685,outside_model_cone,True,False,False
CaRPool_GSE213957_THP1_Cas13d-KD,GATA2+RCOR1,0.3079,-0.3079,93,0.8174,4.3133,20.431,0.004975124378109453,1.491,0.8266,0.859,outside_model_cone,True,False,False
CaRPool_GSE213957_THP1_Cas13d-KD,IKZF1+SMARCD1,0.3116,-0.3116,94,0.7647,5.2619,24.839,0.004975124378109453,1.682,0.7831,0.798,outside_model_cone,True,False,False
CaRPool_GSE213957_THP1_Cas13d-KD,SMARCA5+SMARCD1,0.3147,-0.3147,95,0.7034,5.8653,33.45,0.004975124378109453,1.882,0.717,0.7423,outside_model_cone,True,False,False
CaRPool_GSE213957_THP1_Cas13d-KD,KDM1A+MYB,0.316,-0.316,96,0.5233,12.1635,13.608,0.004975124378109453,1.368,0.5842,0.6073,outside_model_cone,True,False,False
CaRPool_GSE213957_THP1_Cas13d-KD,DOT1L+FLI1,0.3198,-0.3198,97,0.5577,7.4919,36.028,0.004975124378109453,2.108,0.5701,0.6041,outside_model_cone,True,True,True
CaRPool_GSE213957_THP1_Cas13d-KD,EP300+GFI1,0.3212,-0.3212,98,0.5886,8.5849,51.593,0.004975124378109453,2.407,0.5998,0.6196,outside_model_cone,True,True,True
CaRPool_GSE213957_THP1_Cas13d-KD,FLI1+RCOR1,0.3221,-0.3221,99,0.5676,6.4644,40.623,0.004975124378109453,2.162,0.5853,0.6046,outside_model_cone,True,True,True
CaRPool_GSE213957_THP1_Cas13d-KD,GATA2+SSRP1,0.325,-0.325,100,0.8704,4.8031,6.678,0.004975124378109453,1.14,0.8928,0.9171,outside_model_cone,True,False,False
CaRPool_GSE213957_THP1_Cas13d-KD,DOT1L+EP300,0.326,-0.326,101,0.5205,8.1725,49.486,0.004975124378109453,2.36,0.5389,0.5508,outside_model_cone,True,True,True
CaRPool_GSE213957_THP1_Cas13d-KD,GSE1+SSRP1,0.3392,-0.3392,102,0.635,5.8764,12.925,0.004975124378109453,1.326,0.6911,0.7145,outside_model_cone,True,False,False
CaRPool_GSE213957_THP1_Cas13d-KD,FLI1+MYB,0.3423,-0.3423,103,0.5572,13.3511,35.677,0.004975124378109453,1.985,0.5832,0.5989,outside_model_cone,True,True,True
CaRPool_GSE213957_THP1_Cas13d-KD,GATA2+SMARCD1,0.3494,-0.3494,104,0.7217,4.9529,34.616,0.004975124378109453,1.967,0.738,0.7517,outside_model_cone,True,True,True
CaRPool_GSE213957_THP1_Cas13d-KD,GFI1+SSRP1,0.3524,-0.3524,105,0.5693,9.3882,12.974,0.004975124378109453,1.345,0.6283,0.6534,outside_model_cone,True,False,False
CaRPool_GSE213957_THP1_Cas13d-KD,GATA2+GSE1,0.3541,-0.3541,106,0.6,6.0001,20.735,0.004975124378109453,1.617,0.6382,0.6584,outside_model_cone,True,False,False
CaRPool_GSE213957_THP1_Cas13d-KD,DOT1L+MED24,0.3607,-0.3607,107,0.4131,9.2375,54.879,0.004975124378109453,2.53,0.4274,0.4425,outside_model_cone,True,True,True
CaRPool_GSE213957_THP1_Cas13d-KD,FLI1+SMARCD1,0.3632,-0.3632,108,0.5482,7.4368,48.677,0.004975124378109453,2.337,0.5667,0.5787,outside_model_cone,True,True,True
CaRPool_GSE213957_THP1_Cas13d-KD,FLI1+GSE1,0.3638,-0.3638,109,0.507,8.2918,41.738,0.004975124378109453,2.144,0.5255,0.5501,outside_model_cone,True,True,True
CaRPool_GSE213957_THP1_Cas13d-KD,GFI1+MED24,0.3687,-0.3687,110,0.4882,9.4463,44.167,0.004975124378109453,2.165,0.5054,0.5286,outside_model_cone,True,True,True
CaRPool_GSE213957_THP1_Cas13d-KD,MED13L+MED16,0.3696,-0.3696,111,0.5064,7.5895,29.0,0.004975124378109453,1.772,0.5401,0.5599,outside_model_cone,True,False,False
CaRPool_GSE213957_THP1_Cas13d-KD,MYB+SMARCD1,0.3737,-0.3737,112,0.5919,10.3863,24.503,0.004975124378109453,1.723,0.6171,0.6504,outside_model_cone,True,False,False
CaRPool_GSE213957_THP1_Cas13d-KD,GATA2+KDM1A,0.3882,-0.3882,113,0.4581,8.1353,37.311,0.004975124378109453,2.132,0.4816,0.4962,outside_model_cone,True,True,True
CaRPool_GSE213957_THP1_Cas13d-KD,IKZF1+MED24,0.3908,-0.3908,114,0.429,9.2176,19.236,0.004975124378109453,1.55,0.4758,0.4939,outside_model_cone,True,False,False
CaRPool_GSE213957_THP1_Cas13d-KD,MED24+VPRBP,0.3945,-0.3945,115,0.4578,8.4952,34.342,0.004975124378109453,2.087,0.4591,0.5163,outside_model_cone,True,True,True
CaRPool_GSE213957_THP1_Cas13d-KD,KDM1A+SSRP1,0.4026,-0.4026,116,0.5016,8.7125,9.348,0.004975124378109453,1.283,0.5683,0.5971,outside_model_cone,True,False,False
CaRPool_GSE213957_THP1_Cas13d-KD,SMARCD1+SSRP1,0.4101,-0.4101,117,0.6628,5.36,11.416,0.004975124378109453,1.281,0.7173,0.7448,outside_model_cone,True,False,False
CaRPool_GSE213957_THP1_Cas13d-KD,EP300+SMARCD1,0.4146,-0.4146,118,0.5287,9.0864,52.563,0.004975124378109453,2.361,0.5435,0.5622,outside_model_cone,True,True,True
CaRPool_GSE213957_THP1_Cas13d-KD,EP300+SSRP1,0.4164,-0.4164,119,0.5407,8.8702,41.721,0.004975124378109453,2.128,0.5619,0.5777,outside_model_cone,True,True,True
CaRPool_GSE213957_THP1_Cas13d-KD,FLI1+SSRP1,0.4253,-0.4253,120,0.5265,7.6211,31.86,0.004975124378109453,1.893,0.5521,0.5774,outside_model_cone,True,False,False
CaRPool_GSE213957_THP1_Cas13d-KD,SSRP1+SUPT6H,0.431,-0.431,121,0.5445,8.5788,18.261,0.004975124378109453,1.501,0.5873,0.6173,outside_model_cone,True,False,False
CaRPool_GSE213957_THP1_Cas13d-KD,GATA2+GFI1,0.4316,-0.4316,122,0.5671,8.068,47.324,0.004975124378109453,2.325,0.5857,0.5972,outside_model_cone,True,True,True
CaRPool_GSE213957_THP1_Cas13d-KD,KDM1A+MED24,0.4352,-0.4352,123,0.3938,11.1394,37.426,0.004975124378109453,2.035,0.4171,0.4357,outside_model_cone,True,True,True
CaRPool_GSE213957_THP1_Cas13d-KD,GATA2+MED24,0.4387,-0.4387,124,0.3785,8.8432,36.981,0.004975124378109453,2.174,0.3979,0.4159,outside_model_cone,True,True,True
CaRPool_GSE213957_THP1_Cas13d-KD,MED13L+MED19,0.441,-0.441,125,0.4822,9.4068,25.257,0.004975124378109453,1.604,0.5259,0.5447,outside_model_cone,True,False,False
CaRPool_GSE213957_THP1_Cas13d-KD,FLI1+GATA2,0.4436,-0.4436,126,0.5166,6.7244,31.619,0.004975124378109453,2.027,0.5406,0.5593,outside_model_cone,True,True,True
CaRPool_GSE213957_THP1_Cas13d-KD,EP300+FLI1,0.4479,-0.4479,127,0.493,9.3726,43.786,0.004975124378109453,2.181,0.5147,0.5295,outside_model_cone,True,True,True
CaRPool_GSE213957_THP1_Cas13d-KD,FLI1+KDM1A,0.449,-0.449,128,0.5275,9.3945,53.468,0.004975124378109453,2.52,0.5361,0.5613,outside_model_cone,True,True,True
CaRPool_GSE213957_THP1_Cas13d-KD,MYB+SSRP1,0.4493,-0.4493,129,0.5879,8.508,8.152,0.004975124378109453,1.191,0.6632,0.6933,outside_model_cone,True,False,False
CaRPool_GSE213957_THP1_Cas13d-KD,EP300+MYB,0.459,-0.459,130,0.5964,11.8263,56.284,0.004975124378109453,2.48,0.6109,0.6228,outside_model_cone,True,True,True
CaRPool_GSE213957_THP1_Cas13d-KD,FLI1+MED24,0.4604,-0.4604,131,0.4073,9.9047,52.753,0.004975124378109453,2.566,0.4238,0.4346,outside_model_cone,True,True,True
CaRPool_GSE213957_THP1_Cas13d-KD,SUPT16H+SUPT6H,0.4667,-0.4667,132,0.4658,9.5271,37.188,0.004975124378109453,2.113,0.4905,0.5029,outside_model_cone,True,True,True
CaRPool_GSE213957_THP1_Cas13d-KD,FLI1+GFI1,0.4749,-0.4749,133,0.5517,10.3754,39.321,0.004975124378109453,2.079,0.5729,0.5918,outside_model_cone,True,True,True
CaRPool_GSE213957_THP1_Cas13d-KD,MED13L+MED14,0.4782,-0.4782,134,0.4084,11.0605,35.421,0.004975124378109453,1.997,0.434,0.4504,outside_model_cone,True,True,True
CaRPool_GSE213957_THP1_Cas13d-KD,EP300+GATA2,0.4833,-0.4833,135,0.5671,7.6193,30.207,0.004975124378109453,1.954,0.5869,0.6143,outside_model_cone,True,True,True
CaRPool_GSE213957_THP1_Cas13d-KD,MED24+MYB,0.4982,-0.4982,136,0.4943,11.8415,24.361,0.004975124378109453,1.687,0.5302,0.552,outside_model_cone,True,False,False
CaRPool_GSE213957_THP1_Cas13d-KD,MED13L+MED22,0.5103,-0.5103,137,0.4569,8.7028,28.446,0.004975124378109453,1.829,0.4905,0.5067,outside_model_cone,True,False,False
CaRPool_GSE213957_THP1_Cas13d-KD,MED13L+MED24,0.5125,-0.5125,138,0.4385,10.4734,25.043,0.004975124378109453,1.753,0.4635,0.5096,outside_model_cone,True,False,False
CaRPool_GSE213957_THP1_Cas13d-KD,EP300+MED24,0.5172,-0.5172,139,0.4398,10.0292,59.491,0.004975124378109453,2.712,0.4523,0.4653,outside_model_cone,True,True,True
CaRPool_GSE213957_THP1_Cas13d-KD,MED14+MED16,0.5254,-0.5254,140,0.4275,10.3698,9.301,0.004975124378109453,1.295,0.488,0.5244,outside_model_cone,True,False,False
CaRPool_GSE213957_THP1_Cas13d-KD,MED16+MED19,0.526,-0.526,141,0.4233,10.1204,31.414,0.004975124378109453,1.856,0.4535,0.4734,outside_model_cone,True,False,False
CaRPool_GSE213957_THP1_Cas13d-KD,MED16+MED22,0.5317,-0.5317,142,0.3816,9.924,26.278,0.004975124378109453,1.747,0.4175,0.4337,outside_model_cone,True,False,False
CaRPool_GSE213957_THP1_Cas13d-KD,SSRP1+SUPT5H,0.5575,-0.5575,143,0.4799,9.7552,26.681,0.004975124378109453,1.729,0.5188,0.534,outside_model_cone,True,False,False
CaRPool_GSE213957_THP1_Cas13d-KD,MED24+SSRP1,0.5962,-0.5962,144,0.4072,9.3336,28.795,0.004975124378109453,1.832,0.436,0.4602,outside_model_cone,True,False,False
CaRPool_GSE213957_THP1_Cas13d-KD,MED16+MED24,0.6075,-0.6075,145,0.4913,6.9634,33.048,0.004975124378109453,1.938,0.5057,0.5433,outside_model_cone,True,True,True
CaRPool_GSE213957_THP1_Cas13d-KD,SSRP1+SUPT16H,0.6154,-0.6154,146,0.5655,8.053,31.584,0.004975124378109453,1.874,0.5952,0.6097,outside_model_cone,True,False,False
CaRPool_GSE213957_THP1_Cas13d-KD,MED24+SMARCD1,0.6179,-0.6179,147,0.4084,9.7957,38.815,0.004975124378109453,2.081,0.4328,0.4477,outside_model_cone,True,True,True
CaRPool_GSE213957_THP1_Cas13d-KD,SUPT16H+SUPT5H,0.6194,-0.6194,148,0.4512,8.8151,44.402,0.004975124378109453,2.357,0.4691,0.484,outside_model_cone,True,True,True
CaRPool_GSE213957_THP1_Cas13d-KD,GSE1+KDM1A,0.64,-0.64,149,0.4901,8.4639,19.214,0.004975124378109453,1.735,0.526,0.5465,outside_model_cone,True,False,False
CaRPool_GSE213957_THP1_Cas13d-KD,GFI1+GSE1,0.6406,-0.6406,150,0.5758,9.3349,27.157,0.004975124378109453,1.828,0.6025,0.625,outside_model_cone,True,False,False
CaRPool_GSE213957_THP1_Cas13d-KD,SUPT5H+SUPT6H,0.6423,-0.6423,151,0.5896,6.7305,41.666,0.004975124378109453,2.143,0.6074,0.6247,outside_model_cone,True,True,True
CaRPool_GSE213957_THP1_Cas13d-KD,GFI1+KDM1A,0.69,-0.69,152,0.509,10.2503,31.337,0.004975124378109453,1.809,0.5435,0.5589,outside_model_cone,True,False,False
CaRPool_GSE213957_THP1_Cas13d-KD,MED19+MED22,0.7171,-0.7171,153,0.387,9.7659,12.493,0.004975124378109453,1.417,0.4394,0.4645,outside_model_cone,True,False,False
CaRPool_GSE213957_THP1_Cas13d-KD,MED14+MED19,0.7211,-0.7211,154,0.3699,12.467,33.297,0.004975124378109453,1.981,0.3962,0.4109,outside_model_cone,True,True,True
CaRPool_GSE213957_THP1_Cas13d-KD,MED19+MED24,0.7676,-0.7676,155,0.367,10.6944,35.674,0.004975124378109453,2.023,0.3853,0.4135,outside_model_cone,True,True,True
CaRPool_GSE213957_THP1_Cas13d-KD,MED14+MED22,0.7743,-0.7743,156,0.389,11.6722,30.894,0.004975124378109453,1.866,0.4177,0.438,outside_model_cone,True,False,False
CaRPool_GSE213957_THP1_Cas13d-KD,MED14+MED24,0.7825,-0.7825,157,0.3705,11.8679,27.084,0.004975124378109453,1.81,0.4039,0.4163,outside_model_cone,True,False,False
CaRPool_GSE213957_THP1_Cas13d-KD,MED22+MED24,0.7951,-0.7951,158,0.3696,9.9966,41.749,0.004975124378109453,2.211,0.3858,0.4054,outside_model_cone,True,True,True
Norman_GSE133344_K562-A549_CRISPRa,TGFBR2+ETS2,-0.4731,0.4731,1,0.4344,2.5175,4.747,0.004975124378109453,1.221,0.5062,0.544,outside_model_cone,True,False,False
Norman_GSE133344_K562-A549_CRISPRa,MAPK1+TGFBR2,-0.4717,0.4717,2,0.2724,4.1559,12.487,0.004975124378109453,1.57,0.3072,0.3265,outside_model_cone,True,False,False
Norman_GSE133344_K562-A549_CRISPRa,ETS2+CNN1,-0.44,0.44,3,0.3746,3.0505,30.392,0.004975124378109453,2.263,0.3927,0.4108,outside_model_cone,True,True,True
Norman_GSE133344_K562-A549_CRISPRa,PTPN12+OSR2,-0.4275,0.4275,4,0.5853,2.4968,15.815,0.004975124378109453,1.68,0.6153,0.6456,outside_model_cone,True,False,False
Norman_GSE133344_K562-A549_CRISPRa,CNN1+MAPK1,-0.422,0.422,5,0.3856,3.615,21.052,0.004975124378109453,1.865,0.4136,0.4365,outside_model_cone,True,False,False
Norman_GSE133344_K562-A549_CRISPRa,ZBTB10+ELMSAN1,-0.42,0.42,6,0.3203,6.6779,14.656,0.004975124378109453,1.592,0.3585,0.3797,outside_model_cone,True,False,False
Norman_GSE133344_K562-A549_CRISPRa,UBASH3B+OSR2,-0.4059,0.4059,7,0.4898,2.3631,24.41,0.004975124378109453,2.119,0.5073,0.5323,outside_model_cone,True,True,True
Norman_GSE133344_K562-A549_CRISPRa,MAP2K6+SPI1,-0.3659,0.3659,8,0.4514,3.3714,18.159,0.004975124378109453,1.742,0.4855,0.512,outside_model_cone,True,False,False
Norman_GSE133344_K562-A549_CRISPRa,MAP2K6+IKZF3,-0.3145,0.3145,9,0.2532,6.728,16.539,0.004975124378109453,1.872,0.2752,0.2919,outside_model_cone,True,False,False
Norman_GSE133344_K562-A549_CRISPRa,DUSP9+MAPK1,-0.3088,0.3088,10,0.5141,3.0798,17.241,0.004975124378109453,1.787,0.5434,0.5707,outside_model_cone,True,False,False
Norman_GSE133344_K562-A549_CRISPRa,DUSP9+ETS2,-0.2921,0.2921,11,0.2323,4.5832,18.651,0.004975124378109453,1.917,0.2521,0.2669,outside_model_cone,True,True,True
Norman_GSE133344_K562-A549_CRISPRa,ETS2+PRTG,-0.2896,0.2896,12,0.3459,3.9842,18.252,0.004975124378109453,1.84,0.3752,0.3948,outside_model_cone,True,False,False
Norman_GSE133344_K562-A549_CRISPRa,MAPK1+PRTG,-0.2836,0.2836,13,0.5309,3.7609,36.956,0.004975124378109453,2.72,0.5385,0.5596,outside_model_cone,True,True,True
Norman_GSE133344_K562-A549_CRISPRa,FOSB+PTPN12,-0.2828,0.2828,14,0.4903,2.9015,17.348,0.004975124378109453,1.814,0.5205,0.5474,outside_model_cone,True,False,False
Norman_GSE133344_K562-A549_CRISPRa,ETS2+IGDCC3,-0.2521,0.2521,15,0.4277,3.4411,21.585,0.004975124378109453,1.995,0.4513,0.4739,outside_model_cone,True,True,True
Norman_GSE133344_K562-A549_CRISPRa,IGDCC3+MAPK1,-0.2492,0.2492,16,0.5316,3.4416,24.65,0.004975124378109453,2.107,0.5513,0.573,outside_model_cone,True,True,True
Norman_GSE133344_K562-A549_CRISPRa,CEBPE+KLF1,-0.2271,0.2271,17,0.4213,3.6329,27.603,0.004975124378109453,2.281,0.4389,0.4572,outside_model_cone,True,True,True
Norman_GSE133344_K562-A549_CRISPRa,FOSB+UBASH3B,-0.2233,0.2233,18,0.4556,2.5119,10.099,0.004975124378109453,1.46,0.5056,0.5365,outside_model_cone,True,False,False
Norman_GSE133344_K562-A549_CRISPRa,LHX1+ELMSAN1,-0.1975,0.1975,19,0.3378,4.243,26.969,0.004975124378109453,2.23,0.3564,0.3728,outside_model_cone,True,True,True
Norman_GSE133344_K562-A549_CRISPRa,MAP2K3+IKZF3,-0.1963,0.1963,20,0.2897,6.9368,14.795,0.004975124378109453,1.853,0.3121,0.3379,outside_model_cone,True,False,False
Norman_GSE133344_K562-A549_CRISPRa,PTPN12+SNAI1,-0.1888,0.1888,21,0.4876,3.4776,17.775,0.004975124378109453,1.812,0.5159,0.5441,outside_model_cone,True,False,False
Norman_GSE133344_K562-A549_CRISPRa,ZC3HAV1+HOXC13,-0.1869,0.1869,22,0.3349,3.7007,19.611,0.004975124378109453,1.96,0.3588,0.3786,outside_model_cone,True,True,True
Norman_GSE133344_K562-A549_CRISPRa,CEBPE+CNN1,-0.1703,0.1703,23,0.4882,4.2296,22.962,0.004975124378109453,1.892,0.5164,0.5413,outside_model_cone,True,False,False
Norman_GSE133344_K562-A549_CRISPRa,ETS2+IKZF3,-0.1635,0.1635,24,0.2224,7.5783,31.725,0.004975124378109453,2.341,0.2345,0.2456,outside_model_cone,True,True,True
Norman_GSE133344_K562-A549_CRISPRa,MAPK1+IKZF3,-0.1583,0.1583,25,0.3351,6.2274,25.123,0.004975124378109453,2.145,0.3539,0.3736,outside_model_cone,True,True,True
Norman_GSE133344_K562-A549_CRISPRa,FEV+CBFA2T3,-0.156,0.156,26,0.4016,8.9845,21.444,0.004975124378109453,2.02,0.4252,0.4446,outside_model_cone,True,True,True
Norman_GSE133344_K562-A549_CRISPRa,CEBPE+PTPN12,-0.1465,0.1465,27,0.4858,3.4762,23.602,0.004975124378109453,2.01,0.5077,0.532,outside_model_cone,True,True,True
Norman_GSE133344_K562-A549_CRISPRa,KLF1+CEBPA,-0.1307,0.1307,28,0.1862,9.9335,25.17,0.004975124378109453,1.953,0.2033,0.215,outside_model_cone,True,True,True
Norman_GSE133344_K562-A549_CRISPRa,CEBPB+PTPN12,-0.1231,0.1231,29,0.4616,4.3226,26.972,0.004975124378109453,2.202,0.481,0.5008,outside_model_cone,True,True,True
Norman_GSE133344_K562-A549_CRISPRa,PRDM1+CBFA2T3,-0.1172,0.1172,30,0.3572,8.1827,14.762,0.004975124378109453,1.656,0.3958,0.416,outside_model_cone,True,False,False
Norman_GSE133344_K562-A549_CRISPRa,KLF1+COL2A1,-0.097,0.097,31,0.4372,5.3408,30.498,0.004975124378109453,2.451,0.4509,0.4752,outside_model_cone,True,True,True
Norman_GSE133344_K562-A549_CRISPRa,ZC3HAV1+CEBPA,-0.0875,0.0875,32,0.2179,12.0517,10.49,0.004975124378109453,1.407,0.2546,0.2754,outside_model_cone,True,False,False
Norman_GSE133344_K562-A549_CRISPRa,TMSB4X+BAK1,-0.0831,0.0831,33,0.3598,2.7617,6.967,0.004975124378109453,1.274,0.4208,0.4537,outside_model_cone,True,False,False
Norman_GSE133344_K562-A549_CRISPRa,ZC3HAV1+CEBPE,-0.0764,0.0764,34,0.4139,3.0098,12.986,0.004975124378109453,1.697,0.4457,0.4817,outside_model_cone,True,False,False
Norman_GSE133344_K562-A549_CRISPRa,FOSB+IKZF3,-0.0738,0.0738,35,0.3164,5.9609,18.86,0.004975124378109453,1.858,0.3415,0.3647,outside_model_cone,True,False,False
Norman_GSE133344_K562-A549_CRISPRa,SET+KLF1,-0.0603,0.0603,36,0.3152,5.1681,33.633,0.004975124378109453,2.846,0.3229,0.3398,outside_model_cone,True,True,True
Norman_GSE133344_K562-A549_CRISPRa,SNAI1+UBASH3B,-0.0582,0.0582,37,0.3901,3.5832,13.91,0.004975124378109453,1.559,0.4297,0.4596,outside_model_cone,True,False,False
Norman_GSE133344_K562-A549_CRISPRa,KLF1+FOXA1,0.0096,-0.0096,38,0.3216,4.6172,11.385,0.004975124378109453,1.531,0.3604,0.3886,outside_model_cone,True,False,False
Norman_GSE133344_K562-A549_CRISPRa,ZBTB10+PTPN12,0.0115,-0.0115,39,0.3642,5.545,19.915,0.004975124378109453,1.918,0.3872,0.4117,outside_model_cone,True,True,True
Norman_GSE133344_K562-A549_CRISPRa,ETS2+MAP7D1,0.0258,-0.0258,40,0.3467,4.8126,21.155,0.004975124378109453,1.853,0.3733,0.3963,outside_model_cone,True,False,False
Norman_GSE133344_K562-A549_CRISPRa,POU3F2+CBFA2T3,0.0294,-0.0294,41,0.3702,4.8155,13.157,0.004975124378109453,1.609,0.4075,0.4335,outside_model_cone,True,False,False
Norman_GSE133344_K562-A549_CRISPRa,KLF1+BAK1,0.0393,-0.0393,42,0.2406,3.9118,8.172,0.004975124378109453,1.352,0.2827,0.3045,outside_model_cone,True,False,False
Norman_GSE133344_K562-A549_CRISPRa,DUSP9+SNAI1,0.0529,-0.0529,43,0.3249,8.0187,21.596,0.004975124378109453,1.967,0.3485,0.3668,outside_model_cone,True,True,True
Norman_GSE133344_K562-A549_CRISPRa,LYL1+CEBPB,0.0612,-0.0612,44,0.4683,4.7718,20.06,0.004975124378109453,1.905,0.4955,0.5198,outside_model_cone,True,True,True
Norman_GSE133344_K562-A549_CRISPRa,BCL2L11+BAK1,0.0883,-0.0883,45,0.7707,1.4203,3.284,0.004975124378109453,1.096,0.8239,0.8577,outside_model_cone,True,False,False
Norman_GSE133344_K562-A549_CRISPRa,FEV+MAP7D1,0.0961,-0.0961,46,0.2713,6.1681,17.798,0.004975124378109453,1.763,0.2991,0.3159,outside_model_cone,True,False,False
Norman_GSE133344_K562-A549_CRISPRa,FEV+ISL2,0.1092,-0.1092,47,0.2761,7.1521,18.158,0.004975124378109453,1.836,0.3001,0.3188,outside_model_cone,True,False,False
Norman_GSE133344_K562-A549_CRISPRa,KLF1+MAP2K6,0.1224,-0.1224,48,0.2612,3.8294,3.12,0.004975124378109453,1.148,0.3219,0.3561,outside_model_cone,True,False,False
Norman_GSE133344_K562-A549_CRISPRa,AHR+KLF1,0.1444,-0.1444,49,0.2677,4.6572,21.965,0.004975124378109453,2.001,0.2864,0.3042,outside_model_cone,True,True,True
Norman_GSE133344_K562-A549_CRISPRa,ZNF318+FOXL2,0.1646,-0.1646,50,0.3323,3.716,4.804,0.004975124378109453,1.228,0.3927,0.4304,outside_model_cone,True,False,False
Norman_GSE133344_K562-A549_CRISPRa,SET+CEBPE,0.1699,-0.1699,51,0.4977,4.5952,63.845,0.004975124378109453,3.586,0.5038,0.5144,outside_model_cone,True,True,True
Norman_GSE133344_K562-A549_CRISPRa,IRF1+SET,0.1954,-0.1954,52,0.3553,7.1971,50.068,0.004975124378109453,3.19,0.3625,0.3762,outside_model_cone,True,True,True
Norman_GSE133344_K562-A549_CRISPRa,MAP2K3+SLC38A2,0.205,-0.205,53,0.4001,2.3427,5.284,0.004975124378109453,1.236,0.4685,0.5031,outside_model_cone,True,False,False
Norman_GSE133344_K562-A549_CRISPRa,KLF1+CLDN6,0.2602,-0.2602,54,0.2944,6.5841,22.643,0.004975124378109453,2.038,0.3152,0.3329,outside_model_cone,True,True,True
Norman_GSE133344_K562-A549_CRISPRa,TBX3+TBX2,0.261,-0.261,55,0.2328,5.3358,34.312,0.004975124378109453,2.649,0.242,0.2545,outside_model_cone,True,True,True
Norman_GSE133344_K562-A549_CRISPRa,SGK1+TBX3,0.2752,-0.2752,56,0.2333,5.8845,11.644,0.004975124378109453,1.542,0.2664,0.2853,outside_model_cone,True,False,False
Norman_GSE133344_K562-A549_CRISPRa,DUSP9+KLF1,0.2848,-0.2848,57,0.2617,7.2479,28.868,0.004975124378109453,2.312,0.2756,0.29,outside_model_cone,True,True,True
Norman_GSE133344_K562-A549_CRISPRa,JUN+CEBPA,0.3057,-0.3057,58,0.2445,13.9051,11.531,0.004975124378109453,1.444,0.2797,0.3053,outside_model_cone,True,False,False
Norman_GSE133344_K562-A549_CRISPRa,JUN+CEBPB,0.3238,-0.3238,59,0.3651,8.5747,3.963,0.004975124378109453,1.173,0.4393,0.4698,outside_model_cone,True,False,False
Norman_GSE133344_K562-A549_CRISPRa,RHOXF2BB+SET,0.3254,-0.3254,60,0.3691,6.5022,35.501,0.004975124378109453,2.352,0.386,0.4023,outside_model_cone,True,True,True
Norman_GSE133344_K562-A549_CRISPRa,CNN1+UBASH3A,0.3532,-0.3532,61,0.3042,7.8235,20.707,0.004975124378109453,1.914,0.3285,0.3462,outside_model_cone,True,True,True
Norman_GSE133344_K562-A549_CRISPRa,MAP2K6+ELMSAN1,0.3677,-0.3677,62,0.4169,2.7236,15.005,0.004975124378109453,1.761,0.4509,0.4744,outside_model_cone,True,False,False
Norman_GSE133344_K562-A549_CRISPRa,KLF1+TGFBR2,0.3783,-0.3783,63,0.2378,4.4202,7.837,0.004975124378109453,1.356,0.2781,0.3028,outside_model_cone,True,False,False
Norman_GSE133344_K562-A549_CRISPRa,BCL2L11+TGFBR2,0.3896,-0.3896,64,0.4501,2.0137,7.232,0.004975124378109453,1.401,0.505,0.5373,outside_model_cone,True,False,False
Norman_GSE133344_K562-A549_CRISPRa,SAMD1+TGFBR2,0.3925,-0.3925,65,0.4145,4.8707,2.722,0.004975124378109453,1.106,0.4985,0.5374,outside_model_cone,True,False,False
Norman_GSE133344_K562-A549_CRISPRa,PTPN12+UBASH3A,0.4028,-0.4028,66,0.2346,6.2785,16.357,0.004975124378109453,1.708,0.26,0.2772,outside_model_cone,True,False,False
Norman_GSE133344_K562-A549_CRISPRa,LYL1+IER5L,0.4112,-0.4112,67,0.2759,5.2758,23.137,0.004975124378109453,2.159,0.2939,0.3088,outside_model_cone,True,True,True
Norman_GSE133344_K562-A549_CRISPRa,CEBPE+RUNX1T1,0.415,-0.415,68,0.2711,4.2064,33.045,0.004975124378109453,2.434,0.2843,0.2983,outside_model_cone,True,True,True
Norman_GSE133344_K562-A549_CRISPRa,ZBTB10+DLX2,0.417,-0.417,69,0.4285,9.8736,14.656,0.004975124378109453,1.714,0.4583,0.4931,outside_model_cone,True,False,False
Norman_GSE133344_K562-A549_CRISPRa,FOXA1+HOXB9,0.435,-0.435,70,0.3062,6.0493,15.306,0.004975124378109453,1.692,0.3359,0.3611,outside_model_cone,True,False,False
Norman_GSE133344_K562-A549_CRISPRa,AHR+FEV,0.4381,-0.4381,71,0.3328,8.8648,29.347,0.004975124378109453,2.286,0.3515,0.3672,outside_model_cone,True,True,True
Norman_GSE133344_K562-A549_CRISPRa,SGK1+TBX2,0.4388,-0.4388,72,0.237,5.6798,12.489,0.004975124378109453,1.58,0.2687,0.2875,outside_model_cone,True,False,False
Norman_GSE133344_K562-A549_CRISPRa,FOXL2+MEIS1,0.4493,-0.4493,73,0.3132,4.8757,4.037,0.004975124378109453,1.168,0.3812,0.4145,outside_model_cone,True,False,False
Norman_GSE133344_K562-A549_CRISPRa,TGFBR2+C19orf26,0.4782,-0.4782,74,0.341,4.1263,13.802,0.004975124378109453,1.643,0.3735,0.4021,outside_model_cone,True,False,False
Norman_GSE133344_K562-A549_CRISPRa,ETS2+CEBPE,0.4796,-0.4796,75,0.247,6.3055,22.584,0.004975124378109453,1.928,0.2691,0.2809,outside_model_cone,True,True,True
Norman_GSE133344_K562-A549_CRISPRa,POU3F2+FOXL2,0.4842,-0.4842,76,0.2939,6.2262,19.179,0.004975124378109453,1.858,0.3168,0.3389,outside_model_cone,True,False,False
Norman_GSE133344_K562-A549_CRISPRa,KIF18B+KIF2C,0.4942,-0.4942,77,0.7024,2.4198,1.513,0.07462686567164178,1.055,0.7732,0.82,outside_model_cone,False,False,False
Norman_GSE133344_K562-A549_CRISPRa,CBL+UBASH3A,0.4966,-0.4966,78,0.4123,5.4421,1.628,0.06965174129353234,1.077,0.5018,0.5421,outside_model_cone,False,False,False
Norman_GSE133344_K562-A549_CRISPRa,SNAI1+DLX2,0.5094,-0.5094,79,0.3838,7.0644,13.656,0.004975124378109453,1.602,0.4247,0.4487,outside_model_cone,True,False,False
Norman_GSE133344_K562-A549_CRISPRa,SGK1+S1PR2,0.5215,-0.5215,80,0.2557,6.4225,16.853,0.004975124378109453,1.839,0.2759,0.2993,outside_model_cone,True,False,False
Norman_GSE133344_K562-A549_CRISPRa,FOXA1+FOXL2,0.5229,-0.5229,81,0.3375,5.2931,8.592,0.004975124378109453,1.396,0.3875,0.4175,outside_model_cone,True,False,False
Norman_GSE133344_K562-A549_CRISPRa,FOSB+OSR2,0.5257,-0.5257,82,0.2679,6.8544,29.826,0.004975124378109453,2.157,0.2845,0.2991,outside_model_cone,True,True,True
Norman_GSE133344_K562-A549_CRISPRa,RHOXF2BB+ZBTB25,0.5341,-0.5341,83,0.2573,6.4801,10.736,0.004975124378109453,1.555,0.2878,0.3152,outside_model_cone,True,False,False
Norman_GSE133344_K562-A549_CRISPRa,FOXF1+HOXB9,0.537,-0.537,84,0.3333,5.3245,14.125,0.004975124378109453,1.51,0.375,0.401,outside_model_cone,True,False,False
Norman_GSE133344_K562-A549_CRISPRa,CEBPB+MAPK1,0.5402,-0.5402,85,0.2437,6.527,19.525,0.004975124378109453,1.905,0.2648,0.2799,outside_model_cone,True,True,True
Norman_GSE133344_K562-A549_CRISPRa,UBASH3B+UBASH3A,0.5473,-0.5473,86,0.261,3.2912,8.57,0.004975124378109453,1.383,0.3063,0.3282,outside_model_cone,True,False,False
Norman_GSE133344_K562-A549_CRISPRa,CBL+TGFBR2,0.5548,-0.5548,87,0.2834,4.3616,3.075,0.004975124378109453,1.145,0.3499,0.3821,outside_model_cone,True,False,False
Norman_GSE133344_K562-A549_CRISPRa,CEBPB+OSR2,0.5603,-0.5603,88,0.2582,7.4214,9.0,0.004975124378109453,1.461,0.2966,0.3171,outside_model_cone,True,False,False
Norman_GSE133344_K562-A549_CRISPRa,SAMD1+PTPN12,0.5758,-0.5758,89,0.2542,6.0694,17.177,0.004975124378109453,1.747,0.2801,0.2979,outside_model_cone,True,False,False
Norman_GSE133344_K562-A549_CRISPRa,PLK4+STIL,0.5856,-0.5856,90,0.4979,4.5459,3.801,0.004975124378109453,1.147,0.5799,0.6191,outside_model_cone,True,False,False
Norman_GSE133344_K562-A549_CRISPRa,FOXA1+FOXF1,0.6053,-0.6053,91,0.3097,4.664,11.932,0.004975124378109453,1.505,0.3504,0.375,outside_model_cone,True,False,False
Norman_GSE133344_K562-A549_CRISPRa,MAP2K3+ELMSAN1,0.6096,-0.6096,92,0.3245,3.6269,23.168,0.004975124378109453,2.147,0.3435,0.3621,outside_model_cone,True,True,True
Norman_GSE133344_K562-A549_CRISPRa,BPGM+ZBTB1,0.6156,-0.6156,93,0.2378,5.408,9.457,0.004975124378109453,1.446,0.2763,0.2966,outside_model_cone,True,False,False
Norman_GSE133344_K562-A549_CRISPRa,BPGM+SAMD1,0.6164,-0.6164,94,0.2514,5.598,9.746,0.004975124378109453,1.464,0.2879,0.3123,outside_model_cone,True,False,False
Norman_GSE133344_K562-A549_CRISPRa,DUSP9+IGDCC3,0.6229,-0.6229,95,0.2223,6.8033,17.099,0.004975124378109453,1.803,0.2446,0.2599,outside_model_cone,True,False,False
Norman_GSE133344_K562-A549_CRISPRa,FOXA3+HOXB9,0.6241,-0.6241,96,0.325,6.9326,21.866,0.004975124378109453,2.016,0.3445,0.3653,outside_model_cone,True,True,True
Norman_GSE133344_K562-A549_CRISPRa,CBL+PTPN9,0.6344,-0.6344,97,0.2597,5.4567,10.784,0.004975124378109453,1.52,0.2946,0.3184,outside_model_cone,True,False,False
Norman_GSE133344_K562-A549_CRISPRa,TGFBR2+IGDCC3,0.6348,-0.6348,98,0.2736,4.2655,6.819,0.004975124378109453,1.336,0.3183,0.3477,outside_model_cone,True,False,False
Norman_GSE133344_K562-A549_CRISPRa,PTPN12+PTPN9,0.6457,-0.6457,99,0.248,5.4765,13.798,0.004975124378109453,1.657,0.2773,0.2941,outside_model_cone,True,False,False
Norman_GSE133344_K562-A549_CRISPRa,SAMD1+ZBTB1,0.6475,-0.6475,100,0.2647,6.4824,7.061,0.004975124378109453,1.362,0.3079,0.3402,outside_model_cone,True,False,False
Norman_GSE133344_K562-A549_CRISPRa,TGFBR2+PRTG,0.6528,-0.6528,101,0.2534,4.8893,6.214,0.004975124378109453,1.258,0.3062,0.3278,outside_model_cone,True,False,False
Norman_GSE133344_K562-A549_CRISPRa,DUSP9+PRTG,0.6603,-0.6603,102,0.2228,7.1417,12.566,0.004975124378109453,1.621,0.2471,0.2693,outside_model_cone,True,False,False
Norman_GSE133344_K562-A549_CRISPRa,IGDCC3+ZBTB25,0.6633,-0.6633,103,0.2547,6.7719,5.883,0.004975124378109453,1.261,0.3055,0.3303,outside_model_cone,True,False,False
Norman_GSE133344_K562-A549_CRISPRa,FOXL2+HOXB9,0.6633,-0.6633,104,0.3472,7.0323,4.302,0.004975124378109453,1.2,0.4123,0.4474,outside_model_cone,True,False,False
Norman_GSE133344_K562-A549_CRISPRa,SAMD1+UBASH3B,0.6641,-0.6641,105,0.2495,5.8225,7.878,0.004975124378109453,1.348,0.2935,0.3157,outside_model_cone,True,False,False
Norman_GSE133344_K562-A549_CRISPRa,ZBTB10+SNAI1,0.6698,-0.6698,106,0.392,8.8884,19.84,0.004975124378109453,1.8,0.4227,0.4444,outside_model_cone,True,False,False
Norman_GSE133344_K562-A549_CRISPRa,FOXF1+FOXL2,0.6769,-0.6769,107,0.3104,6.5864,14.957,0.004975124378109453,1.602,0.3459,0.3669,outside_model_cone,True,False,False
Norman_GSE133344_K562-A549_CRISPRa,CEBPE+SPI1,0.6792,-0.6792,108,0.2289,11.6026,19.824,0.004975124378109453,1.777,0.252,0.2677,outside_model_cone,True,False,False
Norman_GSE133344_K562-A549_CRISPRa,FOXA3+FOXL2,0.6848,-0.6848,109,0.367,7.6739,12.702,0.004975124378109453,1.618,0.4067,0.4321,outside_model_cone,True,False,False
Norman_GSE133344_K562-A549_CRISPRa,FOXA3+FOXF1,0.6891,-0.6891,110,0.359,4.8306,10.39,0.004975124378109453,1.419,0.41,0.4366,outside_model_cone,True,False,False
Norman_GSE133344_K562-A549_CRISPRa,MAP2K3+MAP2K6,0.7119,-0.7119,111,0.3382,2.1434,4.765,0.004975124378109453,1.233,0.4005,0.4354,outside_model_cone,True,False,False
Norman_GSE133344_K562-A549_CRISPRa,CBL+CNN1,0.7537,-0.7537,112,0.261,7.9059,28.205,0.004975124378109453,2.382,0.2727,0.2881,outside_model_cone,True,True,True
Norman_GSE133344_K562-A549_CRISPRa,UBASH3B+PTPN9,0.7562,-0.7562,113,0.2418,5.4114,14.605,0.004975124378109453,1.642,0.2681,0.2887,outside_model_cone,True,False,False
Norman_GSE133344_K562-A549_CRISPRa,CBL+PTPN12,0.7563,-0.7563,114,0.2502,6.1253,14.111,0.004975124378109453,1.693,0.2755,0.2983,outside_model_cone,True,False,False
Norman_GSE133344_K562-A549_CRISPRa,PTPN12+ZBTB25,0.7714,-0.7714,115,0.2292,6.0245,10.818,0.004975124378109453,1.554,0.259,0.2781,outside_model_cone,True,False,False
Norman_GSE133344_K562-A549_CRISPRa,FOSB+CEBPE,0.7748,-0.7748,116,0.2056,9.6679,10.616,0.004975124378109453,1.393,0.2429,0.2587,outside_model_cone,True,False,False
Norman_GSE133344_K562-A549_CRISPRa,UBASH3B+CNN1,0.7785,-0.7785,117,0.2296,7.7455,25.109,0.004975124378109453,2.35,0.2378,0.2585,outside_model_cone,True,True,True
Norman_GSE133344_K562-A549_CRISPRa,FOSB+CEBPB,0.7864,-0.7864,118,0.2617,10.6214,9.401,0.004975124378109453,1.429,0.3035,0.324,outside_model_cone,True,False,False
Norman_GSE133344_K562-A549_CRISPRa,UBASH3B+PTPN12,0.8004,-0.8004,119,0.2408,5.8971,12.006,0.004975124378109453,1.621,0.2703,0.2902,outside_model_cone,True,False,False
Norman_GSE133344_K562-A549_CRISPRa,UBASH3B+ZBTB25,0.8192,-0.8192,120,0.2295,5.5068,8.24,0.004975124378109453,1.389,0.2675,0.2907,outside_model_cone,True,False,False
Norman_GSE133344_K562-A549_CRISPRa,CBL+UBASH3B,0.8217,-0.8217,121,0.2425,7.2095,27.706,0.004975124378109453,2.225,0.2563,0.2701,outside_model_cone,True,True,True
Norman_GSE133344_K562-A549_CRISPRa,FOXA3+FOXA1,0.8313,-0.8313,122,0.3241,5.753,15.054,0.004975124378109453,1.657,0.3572,0.3811,outside_model_cone,True,False,False
Norman_GSE133344_K562-A549_CRISPRa,CDKN1B+CDKN1A,0.8411,-0.8411,123,0.2827,5.4597,6.512,0.004975124378109453,1.284,0.336,0.3624,outside_model_cone,True,False,False
Norman_GSE133344_K562-A549_CRISPRa,CEBPB+CEBPA,0.8514,-0.8514,124,0.218,12.7896,5.488,0.004975124378109453,1.215,0.2699,0.2881,outside_model_cone,True,False,False
Norman_GSE133344_K562-A549_CRISPRa,CDKN1C+CDKN1B,0.8528,-0.8528,125,0.3228,5.1764,1.164,0.13930348258706468,1.06,0.409,0.4465,outside_model_cone,False,False,False
Norman_GSE133344_K562-A549_CRISPRa,IGDCC3+PRTG,0.8689,-0.8689,126,0.313,5.3872,5.131,0.004975124378109453,1.245,0.3737,0.4033,outside_model_cone,True,False,False
Norman_GSE133344_K562-A549_CRISPRa,CEBPE+CEBPB,0.8866,-0.8866,127,0.2306,10.254,7.697,0.004975124378109453,1.306,0.2754,0.2962,outside_model_cone,True,False,False
Norman_GSE133344_K562-A549_CRISPRa,CDKN1C+CDKN1A,0.8884,-0.8884,128,0.2954,5.6929,4.156,0.004975124378109453,1.2,0.3593,0.3886,outside_model_cone,True,False,False
Norman_GSE133344_K562-A549_CRISPRa,CEBPE+CEBPA,0.8997,-0.8997,129,0.1805,13.5121,19.617,0.004975124378109453,1.83,0.1983,0.2115,outside_model_cone,True,False,False
Norman_GSE133344_K562-A549_CRISPRa,C3orf72+FOXL2,0.8999,-0.8999,130,0.5056,5.3961,3.677,0.004975124378109453,1.145,0.5878,0.6287,outside_model_cone,True,False,False
Norman_GSE133344_K562-A549_CRISPRa,ETS2+MAPK1,0.9548,-0.9548,131,0.2423,7.1851,23.154,0.004975124378109453,2.118,0.2582,0.2746,outside_model_cone,True,True,True
